origen;tiempo
ACE;0.7692413330078125
FUE;0.3631448745727539
LPA;8.903512716293335
TFN;0.5180385112762451
TFS;1.9261267185211182
SPC;0.04988980293273926
